PNR,Passenger,Origin,Destination,Fare,Status,BookingDate,TravelDate,Email,Phone
HH104E,Megan Mcclain,LGA,DEF,208.78,Pending,2025-08-02,2025-08-03,davisjesse@example.net,2834863794
EG654Y,Brandon Davis,DEN,IAD,390.86,Completed,2025-08-02,2025-08-03,blairamanda@example.com,584-695-9310
MI131O,Holly Wood,IAH,JFK,220.02,Cancelled,2025-08-02,2025-08-03,lynchgeorge@example.net,527.264.8350
CG564S,Emily Rios,PHL,LAX,1468.93,Completed,2025-08-02,2025-08-03,,001-388-249-6965x3287
ZV122N,Janice Carlson,MIA,PHL,803.75,Confirmed,2025-08-02,2025-08-03,frazierdanny@example.net,001-645-514-6270x48281
RY252Q,Linda Burns,ATL,TPA,1143.14,Pending,2025-08-02,2025-08-03,john39@example.org,671-882-2782
WJ383M,Marie Kim DDS,IAD,EWR,390.19,Checked-in,2025-08-02,2025-08-03,andrew83@example.net,501.603.1051
EX738S,Dana Kennedy,PDX,CLT,1568.76,Confirmed,2025-08-02,2025-08-03,agomez@example.com,001-801-406-5133x3872
CO473Z,Krista Williams,FLL,DFW,2436.82,Checked-in,2025-08-02,2025-08-03,housemelinda@example.org,(977)436-0260x64746
BS343X,Nicole Brown,MCO,PDX,1627.3,Pending,2025-08-02,2025-08-03,brianromero@example.org,291-336-1939
QK699I,Mike Allen,MDW,ORD,257.69,Cancelled,2025-08-02,2025-08-03,stephen10@example.com,+1-791-618-3842x513
WJ278T,Dr. Kendra Contreras,ORD,STL,$697.06,Confirmed,2025-08-02,2025-08-03,mcmillandennis@example.org,682-944-9353
UN401I,Gavin Anderson,MIA,BWI,2110.16,Cancelled,2025-08-02,2025-08-03,barnold@example.net,4118280598
LZ204B,Christine Wright,SFO,MDW,777.4,Confirmed,2025-08-02,2025-08-03,vdickson@example.org,622.460.2563
PH160G,Julia Torres,ATL,DTW,1863.45,Cancelled,2025-08-02,2025-08-03,kellerraymond@example.com,645-486-8501
DT940N,Richard Graham,LAS,BWI,1767.18,Cancelled,2025-08-02,2025-08-03,jonathanfletcher@example.org,783.856.1595x14846
GN482V,Megan Orr,HNL,IAD,1973.6,Cancelled,2025-08-02,2025-08-02,torresjason@example.net,+1-757-377-3872x148
ZG343E,David Alvarez,SAN,EWR,,Confirmed,2025-08-02,2025-08-03,kmercado@example.org,001-967-263-2016x328
OE831Z,Joseph Hansen,DTW,AUS,1837.1,Cancelled,2025-08-02,2025-08-03,usalazar@example.net,(387)627-7434x87347
KR345C,David Benson,PHX,AUS,2299.19,Checked-in,2025-08-02,2025-08-03,drivera@example.com,2367690967
RX466X,Lindsey Walker,DEN,LAS,1900.72,Completed,2025-08-02,2025-08-03,priceelizabeth@example.com,001-427-929-8069x9016
MK204G,George Hobbs,DTW,IAH,2259.88,Checked-in,2025-08-02,2025-08-03,fking@example.com,5802531003
EP923V,Travis Marshall,DEN,FLL,1309.76,Confirmed,2025-08-02,2025-08-02,stricklandfrank@example.com,590-349-6631
ZS491Z,Joseph Stanley,DEN,BWI,525.96,Checked-in,2025-08-02,2025-08-03,,(657)726-2849x87769
OH314Y,Leonard Gray,PHX,IAH,1550.34,Checked-in,2025-08-02,2025-08-03,tonykelly@example.com,949-948-0831x36783
JH701M,Elizabeth Perkins,FLL,STL,2364.71,Confirmed,2025-08-02,2025-08-03,jbarajas@example.com,(574)544-3135x182
YQ749T,Brian Lee,FLL,SAN,777.04,Pending,2025-08-02,2025-08-03,ericksondavid@example.org,9849271094
BI752P,Austin Vasquez,IAH,ATL,1216.25,Pending,2025-08-02,2025-08-02,edwardhart@example.com,831-986-9993
NJ749S,Lisa Singh,IAD,ATL,1343.05,Confirmed,2025-08-02,2025-08-02,josephmiller@example.org,(681)220-6797
WO344C,Tammy French,MCO,PDX,1651.53,Completed,2025-08-02,2025-08-03,ronaldstephens@example.net,
WM174I,Katherine Miller,CLT,SAN,529.64,Completed,2025-08-02,2025-08-02,cassandra01@example.org,
NK175K,Shannon Rivera,PHL,EWR,1298.22,Confirmed,2025-08-02,2025-08-02,jcervantes@example.org,215.545.1680x876
YP859U,Anthony Adams,STL,HNL,2045.92,Cancelled,2025-08-02,2025-08-03,omartinez@example.net,324.980.8613
WJ127Q,Jennifer Olson,STL,DTW,2375.33,Confirmed,2025-08-02,2025-08-03,patrickweeks@example.net,001-921-446-5840x4499
LK787R,Jamie Cantu,HNL,ORD,,Completed,2025-08-02,2025-08-03,ashleyhall@example.com,7573662702
OA718X,Seth Booker,DEN,MDW,1266.91,Completed,2025-08-02,2025-08-03,matthew61@example.com,+1-386-357-8091x34316
AB724K,Elaine Brooks,MSP,STL,1575.5,Cancelled,2025-08-02,2025-08-02,georgemiller@example.com,+1-637-492-3747x407
SJ175U,Melissa Bryant,IAD,TPA,1771.19,Pending,2025-08-02,2025-08-03,yrodriguez@example.net,(694)540-6409x097
UG953T,Perry Saunders,BWI,LGA,1027.54,Completed,2025-08-02,2025-08-03,bergerdebbie@example.com,709.652.1456x232
ZJ247X,Regina Mcdonald,SEA,LAS,-50.0,Confirmed,2025-08-02,2025-08-03,michelleramsey@example.com,
DV965H,Manuel Hahn,SEA,PHL,667.51,Confirmed,2025-08-02,2025-08-03,reidsteven@example.net,861-920-0471x1382
SX586X,Jason Garcia,JFK,LAS,308.39,Confirmed,2025-08-02,2025-08-02,antonio53@example.com,935.315.8506x431
BZ390K,Cameron Cunningham,ORD,FLL,709.31,Checked-in,2025-08-02,2025-08-03,brendali@example.org,729-504-2284x21020
FI950B,Jason Wilson,DEN,IAD,2348.46,Completed,2025-08-02,2025-08-03,william17@example.net,890.884.7007
CC177K,Ana Hill,SEA,HNL,1261.49,Checked-in,2025-08-02,2025-08-03,oscar98@example.com,789.961.1836x736
KN661K,Jacqueline Hernandez,DFW,MDW,1162.97,Checked-in,2025-08-02,2025-08-03,daviscolin@example.net,(228)609-8851x656
DS945Q,Matthew Walker,PDX,TPA,277.3,Confirmed,2025-08-02,2025-08-03,danny49@example.org,(289)498-0940x24455
CE296X,Amanda Reese,TPA,EWR,2031.39,Confirmed,2025-08-02,2025-08-03,eric45@example.net,+1-910-822-9014x767
DL438N,Michael Watkins,SFO,DTW,1204.24,Checked-in,2025-08-02,2025-08-03,randallgreene@example.org,943.824.4510
RW226H,Sandra Drake,MIA,SEA,2205.04,Confirmed,2025-08-02,2025-08-03,grahamsteve@example.org,796-396-6416x05297
NS613M,Jennifer Collins,PDX,STL,1443.26,Confirmed,2025-08-02,2025-08-03,charlesschultz@example.net,435.952.3124x32921
OV799S,Victoria Morris,FLL,PDX,184.68,Confirmed,2025-08-02,2025-08-02,cjones@example.net,649-305-8147x7005
QM199O,Tiffany Stevenson,PDX,SEA,540.83,Checked-in,2025-08-02,2025-08-03,marcalvarez@example.org,9719518203
FL889L,Jasmine Schroeder,PDX,PHX,2270.74,Cancelled,2025-08-02,2025-08-03,cameron18@example.net,(344)692-5192x5462
EV865W,Nancy Jennings,PHX,LAS,2327.32,Checked-in,2025-08-02,2025-08-03,bromero@example.com,223-757-3322x1418
ME929F,Michael Weber,MDW,IAD,2489.24,Completed,2025-08-02,2025-08-03,jenkinserica@example.org,994.973.8347x359
QN468F,Rebecca Taylor,BOS,DEN,596.26,Cancelled,2025-08-02,2025-08-02,angela18@example.org,812-247-8261x3750
HM685C,Alfred Galvan,DTW,IAD,1424.16,Pending,2025-08-02,2025-08-03,devinmitchell@example.com,
DB434H,Riley Bryant,DTW,BOS,1331.7,Completed,2025-08-02,2025-08-03,chenbailey@example.net,(446)309-5396
QR851Q,Katie Smith,MSP,ORD,$2150.65,Confirmed,2025-08-02,2025-08-03,qzavala@example.net,2517531952
YV852O,Mrs. Catherine Taylor,BWI,STL,702.73,Confirmed,2025-08-02,2025-08-02,carterbradley@example.org,5546868740
ID505Z,Steve Paul,DTW,SEA,1510.46,Confirmed,2025-08-02,2025-08-03,tylerjimenez@example.net,716-616-9284x511
WN479F,Heather Williams,IAH,MDW,1521.63,Completed,2025-08-02,2025-08-03,yhill@example.org,265-482-0297
LM135S,Christian Cole,LAS,SFO,1723.86,Pending,2025-08-02,2025-08-03,berryalyssa@example.com,543-610-2786x81447
EC731O,Micheal Osborn,PHX,DEN,1728.47,Pending,2025-08-02,2025-08-03,elizabeth18@example.net,742-725-8313x2370
TC782C,Zachary Higgins,AUS,IAD,2348.98,Confirmed,2025-08-02,2025-08-03,martinezlogan@example.org,378.452.8922x680
KW422H,Todd Jacobson,DTW,DFW,322.16,Cancelled,2025-08-02,2025-08-03,david49@example.net,782-299-2299
UY010S,Daniel Armstrong,DEN,PHX,2220.03,Cancelled,2025-08-02,2025-08-03,dawn47@example.org,+1-464-771-0276x77359
EY556L,Ashley Allen,ATL,DEF,2109.3,Pending,2025-08-02,2025-08-03,colinroberts@example.com,+1-963-625-9532x787
MQ701O,Cindy Gomez,SAN,LGA,1393.01,Completed,2025-08-02,2025-08-03,amitchell@example.org,(624)356-5060x98358
YR687I,Lisa Carr,BWI,DFW,2356.49,Cancelled,2025-08-02,2025-08-03,laura58@example.com,001-923-498-6800x02578
KT982K,William Stevenson,STL,DFW,1894.68,Cancelled,2025-08-02,2025-08-03,terickson@example.com,9556169409
XB993S,Mr. Nathan Hampton,PHL,ABC,1836.39,Cancelled,2025-08-02,2025-08-03,anthonyvaughan@example.org,907.256.2636
RK283V,James Frye,PDX,LAS,1337.71,Pending,2025-08-02,2025-08-02,erica49@example.com,934.784.3443
ZX758I,Kenneth Daniels,PDX,JFK,366.9,Checked-in,2025-08-02,2025-08-02,stephanie24@example.org,315-574-7338x4842
HU308H,Jason Love,JFK,LAX,933.86,Cancelled,2025-08-02,2025-08-03,oconnelltiffany@example.org,(877)434-5401x93802
FX067J,Alexandra Bradley,ABC,ATL,1891.89,Completed,2025-08-02,2025-08-03,shawn88@example.com,(687)443-1527
SV054Y,Levi Fowler,FLL,LAX,412.9,Cancelled,2025-08-02,2025-08-03,christopher12@example.org,253.604.6374x5499
VD530O,Jared Shaw,HNL,CLT,1518.9,Cancelled,2025-08-02,2025-08-03,hannah45@example.net,932.572.7956
QO391Q,Angela Elliott,JFK,EWR,1006.93,Confirmed,2025-08-02,2025-08-02,ashleyhernandez@example.com,971.239.7187x07286
XA874M,Aaron Robinson,SFO,MDW,736.39,Confirmed,2025-08-02,2025-08-03,weaverbrian@example.org,404.762.2656x7661
MQ128E,Courtney Smith,FLL,AUS,2205.57,Processing,2025-08-02,2025-08-03,opatel@example.org,352.343.1069x033
TV907W,Dana Williams,AUS,SEA,2181.82,Cancelled,2025-08-02,2025-08-02,taylorvictoria@example.org,001-695-299-5342x8364
UV892N,Amber Cooper,LAX,SFO,1880.93,Pending,2025-08-02,2025-08-03,heather62@example.com,(428)873-3427x0866
KU343C,Sarah Davis,IAH,HNL,1724.28,Cancelled,2025-08-02,2025-08-03,nicholas99@example.org,239-583-7354
HW317T,Jennifer Allen,SAN,MDW,404.02,Confirmed,2025-08-02,2025-08-02,wferguson@example.com,258-577-1753x556
RS204S,Elizabeth Gonzalez,SEA,SFO,2068.98,Checked-in,2025-08-02,2025-08-03,victorpena@example.net,247-377-2522x87280
EU006H,Chris Robinson,HNL,SAN,2197.61,Cancelled,2025-08-02,2025-08-03,bhopkins@example.org,+1-286-800-8484
QE211H,Joseph Ochoa,SFO,IAH,921.42,Confirmed,2025-08-02,2025-08-02,susan79@example.org,001-234-410-1666x870
UZ176K,Shannon Davis,LAS,PHX,1657.48,Checked-in,2025-08-02,2025-08-03,rachelschwartz@example.net,440.814.8902x5039
SH142S,Jasmine Mosley,HNL,FLL,928.2,Confirmed,2025-08-02,2025-08-03,krystalnorris@example.org,650.916.3159x99650
RM735N,Kevin James,LAS,ATL,1514.39,Pending,2025-08-02,2025-08-03,jennifermiller@example.org,(426)355-1104x7541
RR267Q,Alexander Gomez,PHL,IAH,962.36,Pending,2025-08-02,2025-08-03,michelle04@example.com,(918)439-8262x2444
IN126J,Mr. David Wright,MSP,DFW,1055.21,Completed,2025-08-02,2025-08-03,stephentaylor@example.org,(559)965-7569x2459
KJ526X,Katherine Johnston,JFK,TPA,1174.74,Completed,2025-08-02,2025-08-02,kdiaz@example.org,001-382-880-7374
HI724V,Jay Bennett,FLL,MDW,1840.66,Cancelled,2025-08-02,2025-08-03,sferguson@example.com,+1-405-289-1135
ZN965D,David Dixon,ORD,MDW,2313.81,Completed,2025-08-02,2025-08-03,seanmyers@example.net,001-382-350-7146
KO254Z,John Alvarez,PDX,DFW,1841.42,Pending,2025-08-02,2025-08-03,carlos01@example.org,412-438-2825x86736
XT660G,Jeffrey Smith,BWI,IAH,$916.53,Pending,2025-08-02,2025-08-03,raylauren@example.net,(755)837-1478
DL969L,Lisa Cervantes,SFO,MIA,1712.58,Checked-in,2025-08-02,2025-08-03,powerslawrence@example.org,412-952-8669x2966
FP828J,Ernest Hayes,STL,ATL,1596.46,Pending,2025-08-02,2025-08-03,washingtonjames@example.com,+1-387-267-6772
IH340R,Richard Cunningham,HNL,LAX,864.11,Cancelled,2025-08-02,2025-08-03,armstrongjoseph@example.net,(680)778-3613x407
YZ171H,Oscar Norris,DTW,LGA,1688.56,Checked-in,2025-08-02,2025-08-03,imartin@example.org,709.658.4982
QV494D,Paul Jenkins,BWI,SFO,1351.26,Cancelled,2025-08-02,2025-08-03,jacquelineanderson@example.org,001-353-867-2946x671
OP845K,Sheila Boone,MCO,FLL,1710.06,Completed,2025-08-02,2025-08-03,melissa86@example.org,
FO701O,Tyler Harris,HNL,IAD,$701.94,Pending,2025-08-02,2025-08-03,erik41@example.net,(241)552-0643x611
SH712Q,Alexandra Dominguez,SFO,DEN,207.4,Cancelled,2025-08-02,2025-08-02,ebenson@example.org,861.411.5542
SA218T,Jessica Bowen,PHL,STL,1955.95,Checked-in,2025-08-02,2025-08-03,cjensen@example.org,412-519-6565
RT413T,Dominique Pugh,LGA,DTW,606.92,Checked-in,2025-08-02,2025-08-03,jamie98@example.org,001-264-703-7613x7918
SN526L,Carrie Ruiz,SEA,DEN,1691.74,Confirmed,2025-08-02,2025-08-02,smithjason@example.org,(384)686-6618x8924
ZE183R,Kevin Hines,PDX,IAD,2230.84,Checked-in,2025-08-02,2025-08-03,holly30@example.org,361-279-9042
PL202Q,Samantha Green,SAN,MDW,1367.2,Confirmed,2025-08-02,2025-08-03,jessica10@example.com,(448)714-9177x85079
SV241X,Patrick Smith,AUS,PDX,435.19,Cancelled,2025-08-02,2025-08-02,ruizpatrick@example.org,(608)363-5365
QV951B,Robert Jarvis,BWI,MSP,2471.55,Completed,2025-08-02,2025-08-03,xcline@example.com,918-570-5349x49375
AN832A,Gregory Franco,IAD,AUS,1190.05,Completed,2025-08-02,2025-08-03,blakenicholas@example.net,001-541-838-3670x2410
SD571Q,Robert Jones,AUS,FLL,1197.9,Cancelled,2025-08-02,2025-08-03,joelgreen@example.com,(455)974-3132x9121
DR756L,Christine Parker,BOS,MIA,759.1,Cancelled,2025-08-02,2025-08-02,lindseytorres@example.net,001-690-635-2135x680
OR206X,Anna Garcia,LAS,SAN,1977.54,Checked-in,2025-08-02,2025-08-03,greertoni@example.org,365.519.9410
ZK721D,Joel Jackson,LAS,BOS,332.09,Pending,2025-08-02,2025-08-03,,(625)932-4472x09993
BC687I,Jason Day,EWR,CLT,2248.61,Confirmed,2025-08-02,2025-08-03,mayokimberly@example.com,587.259.8564x2059
QL407Y,Crystal Moore,SEA,IAH,1780.78,Cancelled,2025-08-02,2025-08-03,gallagherstacie@example.net,(452)523-9559x0599
FP784B,David Robinson,IAH,EWR,1425.14,Error,2025-08-02,2025-08-03,lindsaypeterson@example.org,700-629-2185x15691
XN522Z,Katelyn Stewart,HNL,IAH,1065.27,Completed,2025-08-02,2025-08-02,jeffrey92@example.com,542-320-9690x2959
XC725H,Francisco Fields,LAX,STL,2219.54,Completed,2025-08-02,2025-08-03,sean43@example.org,001-915-841-0067x626
DP586Z,Marilyn Mcdaniel,LAX,PHX,851.74,Checked-in,2025-08-02,2025-08-02,phillipslucas@example.org,952-262-1815
NF629B,Daniel Lee,HNL,IAH,1414.82,Completed,2025-08-02,2025-08-03,donna43@example.org,8693872050
GD497A,Mark Rowland,STL,SEA,1297.34,Pending,2025-08-02,2025-08-03,qruiz@example.com,286-625-6527
HI774S,Paul Contreras,LAX,IAH,939.9,Checked-in,2025-08-02,2025-08-03,larellano@example.org,+1-906-686-8793
QS160Q,Megan Oliver,HNL,MIA,2310.92,Completed,2025-08-02,2025-08-03,stacyjackson@example.org,620.761.6329
RM116R,Donald Ellis,AUS,PHX,1540.95,Confirmed,2025-08-02,2025-08-03,jrodriguez@example.org,001-799-811-9148
ST467P,Donald Thomas,IAH,DEN,,Cancelled,2025-08-02,2025-08-03,fosternatasha@example.net,607.945.0544
JX132O,Erica Daniel,PHX,EWR,647.4,Pending,2025-08-02,2025-08-03,alewis@example.net,285.408.2148x6289
HB330O,Isaac Gonzalez,STL,PHX,803.9,Checked-in,2025-08-02,2025-08-03,hreid@example.net,7357797279
JA241M,Scott Chan,ORD,MSP,195.55,Completed,2025-08-02,2025-08-03,ericaadams@example.com,800.772.2903x49446
OJ743V,Loretta Silva,CLT,SEA,1677.84,Confirmed,2025-08-02,2025-08-03,anna99@example.com,517-215-4544x4328
VE965X,Jonathan Phillips,SEA,SFO,2122.19,Completed,2025-08-02,2025-08-03,aguilarwanda@example.org,638-475-8428x24172
LH513X,Jennifer Eaton,DEN,MSP,1723.23,Completed,2025-08-02,2025-08-02,eyork@example.org,+1-299-491-7381x6846
NS235O,Scott White,MIA,TPA,752.17,Pending,2025-08-02,2025-08-03,lawrencebrown@example.com,832-992-7129x666
RG600X,Adrian Morris,PHL,IAD,1838.14,Cancelled,2025-08-02,2025-08-02,simsjohn@example.net,(642)916-8942x104
KN898V,Grace Valenzuela MD,DFW,PHL,210.34,Pending,2025-08-02,2025-08-03,osmith@example.net,(830)698-2150
TB890V,Russell Williams,AUS,PHX,1082.14,Cancelled,2025-08-02,2025-08-03,kelleythomas@example.org,404.861.8499
DJ189D,Kathleen Lynch,MDW,PDX,1624.02,Confirmed,2025-08-02,2025-08-03,michaelortiz@example.org,
CY972Q,Nathaniel Conway,MCO,STL,1758.01,Confirmed,2025-08-02,2025-08-03,joseph01@example.org,4454561100
TI557X,Robert White,DTW,HNL,246.51,Completed,2025-08-02,2025-08-03,mary76@example.net,(912)402-1697
TA965V,Monica Snow,CLT,ORD,1339.01,Pending,2025-08-02,2025-08-03,ealexander@example.com,+1-550-989-9358x8916
RT562B,Timothy Wagner,IAH,PDX,1301.97,Checked-in,2025-08-02,2025-08-02,charlesvasquez@example.org,340-983-8663x17797
PX751U,Jamie Johnson,LGA,AUS,$2097.46,Cancelled,2025-08-02,2025-08-03,pamela83@example.net,+1-375-350-3758x99757
LU305Z,Joseph Park,TPA,MSP,2418.86,Pending,2025-08-02,2025-08-03,lydianewton@example.com,549-733-1637
UV160S,Steven Ellis,AUS,FLL,1970.41,Checked-in,2025-08-02,2025-08-03,vsmith@example.org,+1-369-878-2922
QM995N,Sydney Farmer,TPA,DTW,780.73,Cancelled,2025-08-02,2025-08-02,shawn22@example.com,+1-484-485-8333x945
WD885Y,John Duncan,ORD,ZZZ,2221.83,Cancelled,2025-08-02,2025-08-03,natalie60@example.net,606-620-0342
GY204R,Robert Garcia,DTW,LGA,1720.24,Pending,2025-08-02,2025-08-03,juliahoffman@example.org,540.766.6580x04397
GY989X,Elizabeth Thompson,PDX,EWR,577.32,Cancelled,2025-08-02,2025-08-03,jillwilson@example.org,(748)242-2940x57202
ZS947R,Richard Stewart,LAS,CLT,807.2,Completed,2025-08-02,2025-08-03,hartmanerik@example.net,+1-661-553-3555
RY987U,Michael Griffin,LAS,DTW,173.86,Cancelled,2025-08-02,2025-08-03,susanfleming@example.com,(216)648-4085x8877
CD358F,Patricia Ferguson,TPA,IAH,1298.16,Cancelled,2025-08-02,2025-08-03,michellecoleman@example.org,386.312.0750
RC024S,Susan Russell,LGA,TPA,1303.43,Confirmed,2025-08-02,2025-08-03,andre18@example.org,+1-691-990-1581x4491
PF660R,Paul Robles,SEA,IAH,1775.7,Pending,2025-08-02,2025-08-03,kennetheaton@example.net,+1-350-688-2100x9968
NU353Q,Clinton Jensen,CLT,MSP,1450.66,Pending,2025-08-02,2025-08-03,yorksarah@example.net,481.541.4139x755
CG149K,Mr. Matthew Steele,TPA,FLL,927.36,Checked-in,2025-08-02,2025-08-03,susan20@example.com,936.745.2577
DF478U,Sarah Trevino,LAS,SEA,433.54,Cancelled,2025-08-02,2025-08-03,jessica11@example.org,709.896.9308x48872
EO394Q,Jennifer Shaw,TPA,FLL,2384.56,Cancelled,2025-08-02,2025-08-03,katherinetaylor@example.org,(599)327-5037
BV453G,Rebecca Hughes,TPA,BOS,799.77,Completed,2025-08-02,2025-08-02,hoopermario@example.net,844.598.9266x59184
LP865Z,Mr. Jonathan Taylor,MSP,LGA,815.05,Confirmed,2025-08-02,2025-08-02,jason22@example.com,+1-813-265-1777x392
SS302F,Jose Macdonald,MCO,SEA,998.07,Pending,2025-08-02,2025-08-03,zacharysullivan@example.net,+1-404-413-7977x2369
FX984V,Jesse Garza,FLL,DEN,794.63,Confirmed,2025-08-02,2025-08-03,,+1-962-491-2799x08811
YV980U,Jason Golden,MDW,DEN,1648.99,Checked-in,2025-08-02,2025-08-03,yclarke@example.com,001-691-862-4731
WX430Z,Joseph Meyer,LAX,PHL,818.2,Checked-in,2025-08-02,2025-08-03,robert12@example.com,+1-994-448-6959x4636
PI588J,Patricia Sanders,ATL,JFK,743.32,Checked-in,2025-08-02,2025-08-03,adkinssean@example.net,(413)886-5890
PT012N,Dennis Wood,ORD,ORD,1305.6,Completed,2025-08-02,2025-08-03,hmendez@example.com,001-590-427-7038x430
UA053F,Donald Ross,JFK,ATL,500.61,Completed,2025-08-02,2025-08-02,aprilmclaughlin@example.org,584-989-5543
IF690N,Kristin Gordon,ORD,LAS,0.0,Checked-in,2025-08-02,2025-08-03,nancy94@example.net,669.373.5779x071
ZK633N,Kelli Smith,SAN,PHL,680.36,Completed,2025-08-02,2025-08-03,rosskaitlyn@example.com,482-575-5394
XH733I,Dale Wright,AUS,MIA,848.78,Completed,2025-08-02,2025-08-02,wilsonchristian@example.net,490.680.7595x7947
EB639Q,Karen Fernandez,MCO,PHL,1609.41,Completed,2025-08-02,2025-08-02,stephenmartinez@example.net,450.603.6915x594
TK347L,Jeff Barnes,DFW,SAN,638.3,Cancelled,2025-08-02,2025-08-03,lramirez@example.net,(593)414-3866
FN270P,Steven Mccoy,ORD,SFO,713.68,Completed,2025-08-02,2025-08-03,jevans@example.net,9617203471
RR455Z,Alejandro Martinez,LAX,MIA,1208.68,Completed,2025-08-02,2025-08-03,barbarasantos@example.net,(645)958-7716
NU225T,Sarah Jones,JFK,LAS,827.05,Pending,2025-08-02,2025-08-03,denise49@example.net,(647)359-8762x2023
DD326C,Kara Brown,MIA,ORD,1765.35,Pending,2025-08-02,2025-08-03,garciachristine@example.org,+1-764-733-4722x8200
IR778O,Travis Ryan,LGA,DTW,1703.78,Cancelled,2025-08-02,2025-08-03,omills@example.net,257-283-1745x6424
JP825R,Thomas Arroyo,FLL,SEA,1671.94,Pending,2025-08-02,2025-08-02,myates@example.org,4858368663
CN634U,Phillip Kent,ORD,JFK,539.92,Pending,2025-08-02,2025-08-03,deborah84@example.com,612.924.1797
EB350R,William Campbell,HNL,DTW,2314.8,Checked-in,2025-08-02,2025-08-03,halledward@example.com,356.447.5705
CR046P,Steven Wright,MDW,MCO,1794.37,Pending,2025-08-02,2025-08-03,paulproctor@example.org,001-303-671-8376x4520
LB743V,Brian Chen,123,MIA,339.04,Confirmed,2025-08-02,2025-08-02,brenda63@example.org,9973925132
BL950U,Joshua Rodriguez,TPA,EWR,1568.73,Confirmed,2025-08-02,2025-08-03,linda73@example.org,001-565-424-0778x487
XO855I,Linda Valencia,BWI,PDX,2172.21,Completed,2025-08-02,2025-08-02,qphillips@example.net,(370)886-2095x935
YR387E,Erica Davidson,IAD,BWI,2080.34,Completed,2025-08-02,2025-08-03,williamssharon@example.org,9316731096
TW053C,Thomas Rios,IAD,ATL,1255.68,Checked-in,2025-08-02,2025-08-02,dowen@example.com,+1-665-309-4801
DX381H,Chelsey Fox,ATL,PHL,1174.33,Error,2025-08-02,2025-08-02,angelagrant@example.net,895-776-1228
OL289K,Yesenia Kirk,BOS,CLT,,Pending,2025-08-02,2025-08-03,charlene98@example.org,(484)657-7600x4908
GK043A,Terri Short,PDX,ATL,925.04,Checked-in,2025-08-02,2025-08-03,clintonstevens@example.org,(845)593-3441
FP157W,Sabrina Davis,PHX,PDX,1937.17,Confirmed,2025-08-02,2025-08-03,dmiller@example.com,(766)413-9060x480
EB583V,Jenna Griffin,EWR,LAS,909.69,Checked-in,2025-08-02,2025-08-02,ryanhartman@example.org,(351)879-0864
YE862P,Katherine Pearson,HNL,LAX,1695.5,Completed,2025-08-02,2025-08-03,johnadams@example.com,491-716-6553x55904
EO979B,Cynthia Jennings,JFK,SEA,1368.33,Completed,2025-08-02,2025-08-03,rodriguezbrian@example.net,(740)551-4770
RQ833Y,John Blair,LGA,MIA,1935.98,Cancelled,2025-08-02,2025-08-03,bennettrebecca@example.net,9422043940
VV164L,Alicia Dillon,DEN,EWR,$1179.57,Checked-in,2025-08-02,2025-08-03,tromero@example.org,679-781-2387x80038
AL762V,Mario Young,LGA,PHL,2028.39,Cancelled,2025-08-02,2025-08-03,garrettnatasha@example.org,+1-543-825-6216
YR687I,Lisa Carr,BWI,DFW,2356.49,Cancelled,2025-08-02,2025-08-03,laura58@example.com,001-923-498-6800x02578
RQ833Y,John Blair,LGA,MIA,1935.98,Cancelled,2025-08-02,2025-08-03,bennettrebecca@example.net,9422043940
SH712Q,Alexandra Dominguez,SFO,SFO,207.4,Cancelled,2025-08-02,2025-08-02,ebenson@example.org,861.411.5542
EU006H,Chris Robinson,HNL,SAN,2197.61,Cancelled,2025-08-02,2025-08-03,bhopkins@example.org,+1-286-800-8484
RM116R,Donald Ellis,AUS,PHX,1540.95,Confirmed,2025-08-02,2025-08-03,jrodriguez@example.org,001-799-811-9148
